{"type": "metrics", "dataset": "train", "precision": 0.9744360902255639, "balanced_accuracy": 0.8401003914707836, "recall": 0.6854241590861011, "f1_score": 0.8047690014903129}
{"type": "metrics", "dataset": "test", "precision": 0.6600858369098712, "balanced_accuracy": 0.6734916341249308, "recall": 0.4028287061288633, "f1_score": 0.5003253090435914}
{"type":"cm_matrix","dataset":"train","true_0":{"predicted_0":16188,"predicted_1":85},"true_1":{"predicted_0":1487,"predicted_1":3240}}
{"type":"cm_matrix","dataset":"test","true_0":{"predicted_0":6695,"predicted_1":396},"true_1":{"predicted_0":1140,"predicted_1":769}}